{
  "properties": {
    "connectionReferences": {
      "shared_commondataserviceforapps": {
        "api": {
          "name": "shared_commondataserviceforapps"
        },
        "connection": {
          "connectionReferenceLogicalName": "new_sharedcommondataserviceforapps_0c470"
        },
        "runtimeSource": "embedded"
      }
    },
    "definition": {
      "$schema": "https://schema.management.azure.com/providers/Microsoft.Logic/schemas/2016-06-01/workflowdefinition.json#",
      "contentVersion": "1.0.0.0",
      "parameters": {
        "$authentication": {
          "defaultValue": {},
          "type": "SecureObject"
        },
        "$connections": {
          "defaultValue": {},
          "type": "Object"
        }
      },
      "triggers": {
        "Recurrence": {
          "type": "Recurrence",
          "recurrence": {
            "frequency": "Minute",
            "interval": 2,
            "timeZone": "Tokyo Standard Time",
            "startTime": "2024-09-05T18:00:00"
          },
          "metadata": {
            "operationMetadataId": "dd633d64-4c38-44ac-bedb-fb7c7f65fc7a"
          }
        }
      },
      "actions": {
        "条件": {
          "type": "If",
          "expression": {
            "less": [
              "@variables('既存レコード数')",
              1000
            ]
          },
          "actions": {
            "HTTP": {
              "type": "Http",
              "inputs": {
                "uri": "https://checkip.amazonaws.com/",
                "method": "GET"
              },
              "metadata": {
                "operationMetadataId": "2027592e-188a-440d-99b6-3e33d2506484"
              }
            },
            "新しい行を追加する": {
              "type": "OpenApiConnection",
              "inputs": {
                "parameters": {
                  "entityName": "new_results",
                  "item/new_flownumber": "@variables('フロー番号')",
                  "item/new_ipaddress": "@body('HTTP')"
                },
                "host": {
                  "apiId": "/providers/Microsoft.PowerApps/apis/shared_commondataserviceforapps",
                  "operationId": "CreateRecord",
                  "connectionName": "shared_commondataserviceforapps"
                }
              },
              "runAfter": {
                "HTTP": [
                  "Succeeded"
                ]
              },
              "metadata": {
                "operationMetadataId": "274185fa-eacf-48c9-b8e3-6fd622910418"
              }
            }
          },
          "else": {
            "actions": {}
          },
          "runAfter": {
            "変数「既存レコード数」を初期化する": [
              "Succeeded"
            ]
          },
          "metadata": {
            "operationMetadataId": "c25841ac-8354-41dd-999f-c4007c552d7d"
          }
        },
        "行を一覧にする": {
          "type": "OpenApiConnection",
          "inputs": {
            "parameters": {
              "entityName": "new_results"
            },
            "host": {
              "apiId": "/providers/Microsoft.PowerApps/apis/shared_commondataserviceforapps",
              "operationId": "ListRecords",
              "connectionName": "shared_commondataserviceforapps"
            }
          },
          "runAfter": {},
          "metadata": {
            "operationMetadataId": "331ffbd5-d2e2-48e0-8beb-75fb01366bff"
          }
        },
        "変数「既存レコード数」を初期化する": {
          "type": "InitializeVariable",
          "inputs": {
            "variables": [
              {
                "name": "既存レコード数",
                "type": "integer",
                "value": "@length(outputs('行を一覧にする')?['body/value'])"
              }
            ]
          },
          "runAfter": {
            "変数「フロー番号」を初期化する": [
              "Succeeded"
            ]
          },
          "metadata": {
            "operationMetadataId": "b4455211-b8a3-4085-9626-2c1643fc8d60"
          }
        },
        "変数「フロー番号」を初期化する": {
          "type": "InitializeVariable",
          "inputs": {
            "variables": [
              {
                "name": "フロー番号",
                "type": "integer",
                "value": 7
              }
            ]
          },
          "runAfter": {
            "行を一覧にする": [
              "Succeeded"
            ]
          },
          "metadata": {
            "operationMetadataId": "eb9503f7-5f44-4414-ae66-e646485cbbd1"
          }
        }
      }
    },
    "templateName": null
  },
  "schemaVersion": "1.0.0.0"
}