new_flownumber,new_id,new_ipaddress,new_resultid
1,000999,"23.98.121.179
",7233bee4-806b-ef11-a670-00224858ae2c
3,000998,"23.98.121.179
",7133bee4-806b-ef11-a670-00224858ae2c
2,000996,"23.98.121.179
",7033bee4-806b-ef11-a670-00224858ae2c
9,000997,"23.98.121.179
",6f33bee4-806b-ef11-a670-00224858ae2c
7,000995,"20.198.130.152
",6d33bee4-806b-ef11-a670-00224858ae2c
8,000994,"23.98.121.179
",6e33bee4-806b-ef11-a670-00224858ae2c
4,000993,"23.98.121.179
",6c33bee4-806b-ef11-a670-00224858ae2c
10,000992,"20.198.130.152
",6b33bee4-806b-ef11-a670-00224858ae2c
5,000991,"23.98.121.179
",18d6b79d-806b-ef11-a670-00224858ae2c
7,000990,"20.198.130.152
",15d6b79d-806b-ef11-a670-00224858ae2c
4,000989,"23.98.121.179
",14d6b79d-806b-ef11-a670-00224858ae2c
6,000988,"23.98.121.179
",13d6b79d-806b-ef11-a670-00224858ae2c
10,000987,"20.198.130.152
",12d6b79d-806b-ef11-a670-00224858ae2c
2,000986,"23.98.121.179
",11d6b79d-806b-ef11-a670-00224858ae2c
1,000985,"23.98.121.179
",e764b097-806b-ef11-a670-00224858ae2c
9,000984,"23.98.121.179
",e664b097-806b-ef11-a670-00224858ae2c
3,000983,"23.98.121.179
",e564b097-806b-ef11-a670-00224858ae2c
8,000982,"23.98.121.179
",e464b097-806b-ef11-a670-00224858ae2c
1,000981,"23.98.121.179
",a43f9252-806b-ef11-a670-00224858ae2c
10,000980,"20.198.130.152
",a33f9252-806b-ef11-a670-00224858ae2c
7,000979,"20.198.130.152
",a23f9252-806b-ef11-a670-00224858ae2c
5,000978,"23.98.121.179
",a13f9252-806b-ef11-a670-00224858ae2c
2,000977,"23.98.121.179
",9f3f9252-806b-ef11-a670-00224858ae2c
9,000976,"23.98.121.179
",9e3f9252-806b-ef11-a670-00224858ae2c
4,000975,"23.98.121.179
",9d3f9252-806b-ef11-a670-00224858ae2c
3,000974,"23.98.121.179
",9c3f9252-806b-ef11-a670-00224858ae2c
6,000973,"23.98.121.179
",9b3f9252-806b-ef11-a670-00224858ae2c
8,000972,"23.98.121.179
",9a3f9252-806b-ef11-a670-00224858ae2c
4,000971,"23.98.121.179
",16f2e60d-806b-ef11-a670-00224858ae2c
5,000970,"23.98.121.179
",15f2e60d-806b-ef11-a670-00224858ae2c
8,000969,"23.98.121.179
",14f2e60d-806b-ef11-a670-00224858ae2c
1,000968,"23.98.121.179
",13f2e60d-806b-ef11-a670-00224858ae2c
7,000967,"20.198.130.152
",12f2e60d-806b-ef11-a670-00224858ae2c
10,000966,"20.198.130.152
",11f2e60d-806b-ef11-a670-00224858ae2c
2,000965,"23.98.121.179
",10f2e60d-806b-ef11-a670-00224858ae2c
3,000964,"23.98.121.179
",0ff2e60d-806b-ef11-a670-00224858ae2c
9,000963,"23.98.121.179
",0ef2e60d-806b-ef11-a670-00224858ae2c
6,000962,"23.98.121.179
",0df2e60d-806b-ef11-a670-00224858ae2c
6,000961,"23.98.121.179
",3f9370c5-7f6b-ef11-a670-00224858ae2c
3,000960,"23.98.121.179
",3e9370c5-7f6b-ef11-a670-00224858ae2c
1,000959,"23.98.121.179
",3b9370c5-7f6b-ef11-a670-00224858ae2c
8,000958,"23.98.121.179
",399370c5-7f6b-ef11-a670-00224858ae2c
5,000957,"23.98.121.179
",379370c5-7f6b-ef11-a670-00224858ae2c
10,000956,"20.198.130.152
",369370c5-7f6b-ef11-a670-00224858ae2c
7,000955,"20.198.130.152
",359370c5-7f6b-ef11-a670-00224858ae2c
4,000954,"23.98.121.179
",349370c5-7f6b-ef11-a670-00224858ae2c
2,000953,"23.98.121.179
",329370c5-7f6b-ef11-a670-00224858ae2c
9,000952,"23.98.121.179
",309370c5-7f6b-ef11-a670-00224858ae2c
5,000951,"23.98.121.179
",2a390d7f-7f6b-ef11-a670-00224858ae2c
3,000950,"23.98.121.179
",29390d7f-7f6b-ef11-a670-00224858ae2c
9,000949,"23.98.121.179
",28390d7f-7f6b-ef11-a670-00224858ae2c
10,000948,"20.198.130.152
",27390d7f-7f6b-ef11-a670-00224858ae2c
7,000947,"20.198.130.152
",26390d7f-7f6b-ef11-a670-00224858ae2c
8,000946,"23.98.121.179
",25390d7f-7f6b-ef11-a670-00224858ae2c
1,000945,"23.98.121.179
",24390d7f-7f6b-ef11-a670-00224858ae2c
4,000944,"23.98.121.179
",23390d7f-7f6b-ef11-a670-00224858ae2c
6,000943,"23.98.121.179
",22390d7f-7f6b-ef11-a670-00224858ae2c
2,000942,"23.98.121.179
",21390d7f-7f6b-ef11-a670-00224858ae2c
2,000941,"23.98.121.179
",68ccbe37-7f6b-ef11-a670-00224858ae2c
4,000940,"23.98.121.179
",67ccbe37-7f6b-ef11-a670-00224858ae2c
6,000939,"23.98.121.179
",66ccbe37-7f6b-ef11-a670-00224858ae2c
3,000938,"23.98.121.179
",65ccbe37-7f6b-ef11-a670-00224858ae2c
9,000937,"23.98.121.179
",64ccbe37-7f6b-ef11-a670-00224858ae2c
5,000936,"23.98.121.179
",63ccbe37-7f6b-ef11-a670-00224858ae2c
10,000935,"20.198.130.152
",62ccbe37-7f6b-ef11-a670-00224858ae2c
7,000934,"20.198.130.152
",61ccbe37-7f6b-ef11-a670-00224858ae2c
1,000933,"23.98.121.179
",60ccbe37-7f6b-ef11-a670-00224858ae2c
8,000932,"23.98.121.179
",5fccbe37-7f6b-ef11-a670-00224858ae2c
1,000931,"23.98.121.179
",9c4916f5-7e6b-ef11-a670-00224858ae2c
5,000930,"23.98.121.179
",9b4916f5-7e6b-ef11-a670-00224858ae2c
8,000929,"23.98.121.179
",9a4916f5-7e6b-ef11-a670-00224858ae2c
4,000928,"23.98.121.179
",994916f5-7e6b-ef11-a670-00224858ae2c
9,000927,"23.98.121.179
",984916f5-7e6b-ef11-a670-00224858ae2c
6,000926,"23.98.121.179
",974916f5-7e6b-ef11-a670-00224858ae2c
7,000925,"20.198.130.152
",964916f5-7e6b-ef11-a670-00224858ae2c
3,000924,"23.98.121.179
",954916f5-7e6b-ef11-a670-00224858ae2c
2,000923,"23.98.121.179
",944916f5-7e6b-ef11-a670-00224858ae2c
10,000922,"20.198.130.152
",934916f5-7e6b-ef11-a670-00224858ae2c
10,000921,"20.198.130.152
",46b5c0a8-7e6b-ef11-a670-00224858ae2c
3,000919,"23.98.121.179
",44b5c0a8-7e6b-ef11-a670-00224858ae2c
2,000920,"23.98.121.179
",43b5c0a8-7e6b-ef11-a670-00224858ae2c
8,000918,"23.98.121.179
",42b5c0a8-7e6b-ef11-a670-00224858ae2c
1,000917,"23.98.121.179
",41b5c0a8-7e6b-ef11-a670-00224858ae2c
9,000916,"23.98.121.179
",40b5c0a8-7e6b-ef11-a670-00224858ae2c
5,000915,"23.98.121.179
",3fb5c0a8-7e6b-ef11-a670-00224858ae2c
4,000914,"23.98.121.179
",3eb5c0a8-7e6b-ef11-a670-00224858ae2c
6,000913,"23.98.121.179
",3db5c0a8-7e6b-ef11-a670-00224858ae2c
7,000912,"20.198.130.152
",3cb5c0a8-7e6b-ef11-a670-00224858ae2c
2,000911,"23.98.121.179
",31008361-7e6b-ef11-a670-00224858ae2c
7,000910,"20.198.130.152
",30008361-7e6b-ef11-a670-00224858ae2c
5,000909,"23.98.121.179
",2f008361-7e6b-ef11-a670-00224858ae2c
9,000908,"23.98.121.179
",2e008361-7e6b-ef11-a670-00224858ae2c
3,000907,"23.98.121.179
",2c008361-7e6b-ef11-a670-00224858ae2c
10,000906,"20.198.130.152
",2b008361-7e6b-ef11-a670-00224858ae2c
6,000905,"23.98.121.179
",2a008361-7e6b-ef11-a670-00224858ae2c
1,000904,"23.98.121.179
",28008361-7e6b-ef11-a670-00224858ae2c
4,000903,"23.98.121.179
",26008361-7e6b-ef11-a670-00224858ae2c
8,000902,"23.98.121.179
",25008361-7e6b-ef11-a670-00224858ae2c
8,000901,"23.98.121.179
",cfcb5519-7e6b-ef11-a670-00224858ae2c
1,000900,"23.98.121.179
",cecb5519-7e6b-ef11-a670-00224858ae2c
3,000899,"23.98.121.179
",cdcb5519-7e6b-ef11-a670-00224858ae2c
7,000898,"20.198.130.152
",cbcb5519-7e6b-ef11-a670-00224858ae2c
10,000897,"20.198.130.152
",cacb5519-7e6b-ef11-a670-00224858ae2c
2,000896,"23.98.121.179
",c9cb5519-7e6b-ef11-a670-00224858ae2c
9,000895,"23.98.121.179
",c7cb5519-7e6b-ef11-a670-00224858ae2c
5,000894,"23.98.121.179
",c6cb5519-7e6b-ef11-a670-00224858ae2c
6,000893,"23.98.121.179
",c5cb5519-7e6b-ef11-a670-00224858ae2c
4,000892,"23.98.121.179
",c4cb5519-7e6b-ef11-a670-00224858ae2c
10,000891,"20.198.130.152
",a68babd1-7d6b-ef11-a670-00224858ae2c
2,000890,"23.98.121.179
",a48babd1-7d6b-ef11-a670-00224858ae2c
6,000889,"23.98.121.179
",a58babd1-7d6b-ef11-a670-00224858ae2c
9,000888,"23.98.121.179
",a38babd1-7d6b-ef11-a670-00224858ae2c
8,000887,"23.98.121.179
",a28babd1-7d6b-ef11-a670-00224858ae2c
7,000886,"20.198.130.152
",a18babd1-7d6b-ef11-a670-00224858ae2c
1,000885,"23.98.121.179
",a08babd1-7d6b-ef11-a670-00224858ae2c
3,000884,"23.98.121.179
",9f8babd1-7d6b-ef11-a670-00224858ae2c
5,000883,"23.98.121.179
",9e8babd1-7d6b-ef11-a670-00224858ae2c
4,000882,"23.98.121.179
",9d8babd1-7d6b-ef11-a670-00224858ae2c
4,000881,"23.98.121.179
",96a0a18a-7d6b-ef11-a670-00224858ae2c
3,000880,"23.98.121.179
",95a0a18a-7d6b-ef11-a670-00224858ae2c
10,000879,"20.198.130.152
",94a0a18a-7d6b-ef11-a670-00224858ae2c
9,000878,"23.98.121.179
",93a0a18a-7d6b-ef11-a670-00224858ae2c
2,000877,"23.98.121.179
",92a0a18a-7d6b-ef11-a670-00224858ae2c
8,000876,"23.98.121.179
",91a0a18a-7d6b-ef11-a670-00224858ae2c
6,000875,"23.98.121.179
",90a0a18a-7d6b-ef11-a670-00224858ae2c
1,000874,"23.98.121.179
",8fa0a18a-7d6b-ef11-a670-00224858ae2c
7,000873,"20.198.130.152
",8ea0a18a-7d6b-ef11-a670-00224858ae2c
5,000872,"23.98.121.179
",8da0a18a-7d6b-ef11-a670-00224858ae2c
7,000871,"20.198.130.152
",7e4abb40-7d6b-ef11-a670-00224858ae2c
4,000870,"23.98.121.179
",7d4abb40-7d6b-ef11-a670-00224858ae2c
6,000869,"23.98.121.179
",7c4abb40-7d6b-ef11-a670-00224858ae2c
8,000868,"23.98.121.179
",7b4abb40-7d6b-ef11-a670-00224858ae2c
1,000867,"23.98.121.179
",7a4abb40-7d6b-ef11-a670-00224858ae2c
10,000866,"20.198.130.152
",794abb40-7d6b-ef11-a670-00224858ae2c
3,000865,"23.98.121.179
",784abb40-7d6b-ef11-a670-00224858ae2c
2,000864,"23.98.121.179
",774abb40-7d6b-ef11-a670-00224858ae2c
9,000863,"23.98.121.179
",764abb40-7d6b-ef11-a670-00224858ae2c
5,000862,"23.98.121.179
",754abb40-7d6b-ef11-a670-00224858ae2c
10,000861,"20.198.130.152
",986bcafb-7c6b-ef11-a670-00224858ae2c
5,000860,"23.98.121.179
",976bcafb-7c6b-ef11-a670-00224858ae2c
7,000859,"20.198.130.152
",966bcafb-7c6b-ef11-a670-00224858ae2c
1,000858,"23.98.121.179
",956bcafb-7c6b-ef11-a670-00224858ae2c
4,000857,"23.98.121.179
",946bcafb-7c6b-ef11-a670-00224858ae2c
6,000856,"23.98.121.179
",eab9cff5-7c6b-ef11-a670-00224858ae2c
9,000855,"23.98.121.179
",e9b9cff5-7c6b-ef11-a670-00224858ae2c
3,000854,"23.98.121.179
",e8b9cff5-7c6b-ef11-a670-00224858ae2c
8,000853,"23.98.121.179
",e7b9cff5-7c6b-ef11-a670-00224858ae2c
2,000852,"23.98.121.179
",e6b9cff5-7c6b-ef11-a670-00224858ae2c
5,000851,"23.98.121.179
",a4aedab0-7c6b-ef11-a670-00224858ae2c
9,000850,"23.98.121.179
",a2aedab0-7c6b-ef11-a670-00224858ae2c
2,000849,"23.98.121.179
",a1aedab0-7c6b-ef11-a670-00224858ae2c
6,000848,"23.98.121.179
",a0aedab0-7c6b-ef11-a670-00224858ae2c
8,000847,"23.98.121.179
",9faedab0-7c6b-ef11-a670-00224858ae2c
10,000846,"20.198.130.152
",9eaedab0-7c6b-ef11-a670-00224858ae2c
7,000845,"20.198.130.152
",9daedab0-7c6b-ef11-a670-00224858ae2c
1,000843,"23.98.121.179
",9caedab0-7c6b-ef11-a670-00224858ae2c
3,000844,"23.98.121.179
",9baedab0-7c6b-ef11-a670-00224858ae2c
4,000842,"23.98.121.179
",9aaedab0-7c6b-ef11-a670-00224858ae2c
1,000841,"23.98.121.179
",e5ef9d6c-7c6b-ef11-a670-00224858ae2c
3,000840,"23.98.121.179
",e4ef9d6c-7c6b-ef11-a670-00224858ae2c
7,000839,"20.198.130.152
",e3ef9d6c-7c6b-ef11-a670-00224858ae2c
5,000838,"23.98.121.179
",e2ef9d6c-7c6b-ef11-a670-00224858ae2c
2,000837,"23.98.121.179
",e0ef9d6c-7c6b-ef11-a670-00224858ae2c
9,000836,"23.98.121.179
",deef9d6c-7c6b-ef11-a670-00224858ae2c
8,000835,"23.98.121.179
",ddef9d6c-7c6b-ef11-a670-00224858ae2c
10,000834,"20.198.130.152
",dcef9d6c-7c6b-ef11-a670-00224858ae2c
6,000833,"23.98.121.179
",dbef9d6c-7c6b-ef11-a670-00224858ae2c
4,000832,"23.98.121.179
",5d799e66-7c6b-ef11-a670-00224858ae2c
7,000831,"20.198.130.152
",6ea30424-7c6b-ef11-a670-00224858ae2c
4,000830,"23.98.121.179
",6da30424-7c6b-ef11-a670-00224858ae2c
3,000828,"23.98.121.179
",6aa30424-7c6b-ef11-a670-00224858ae2c
5,000829,"23.98.121.179
",6ba30424-7c6b-ef11-a670-00224858ae2c
8,000827,"23.98.121.179
",68a30424-7c6b-ef11-a670-00224858ae2c
10,000826,"20.198.130.152
",67a30424-7c6b-ef11-a670-00224858ae2c
2,000825,"23.98.121.179
",66a30424-7c6b-ef11-a670-00224858ae2c
6,000824,"23.98.121.179
",65a30424-7c6b-ef11-a670-00224858ae2c
1,000823,"23.98.121.179
",64a30424-7c6b-ef11-a670-00224858ae2c
9,000822,"23.98.121.179
",63a30424-7c6b-ef11-a670-00224858ae2c
7,000821,"20.198.130.152
",cc0daee2-7b6b-ef11-a670-00224858ae2c
2,000820,"23.98.121.179
",cb0daee2-7b6b-ef11-a670-00224858ae2c
3,000819,"23.98.121.179
",ca0daee2-7b6b-ef11-a670-00224858ae2c
6,000818,"23.98.121.179
",c90daee2-7b6b-ef11-a670-00224858ae2c
10,000817,"20.198.130.152
",c80daee2-7b6b-ef11-a670-00224858ae2c
4,000816,"23.98.121.179
",c70daee2-7b6b-ef11-a670-00224858ae2c
1,000815,"23.98.121.179
",c60daee2-7b6b-ef11-a670-00224858ae2c
9,000814,"23.98.121.179
",c50daee2-7b6b-ef11-a670-00224858ae2c
5,000813,"23.98.121.179
",c40daee2-7b6b-ef11-a670-00224858ae2c
8,000812,"23.98.121.179
",c30daee2-7b6b-ef11-a670-00224858ae2c
10,000811,"20.198.130.152
",66bd6394-7b6b-ef11-a670-00224858ae2c
7,000810,"20.198.130.152
",65bd6394-7b6b-ef11-a670-00224858ae2c
9,000809,"23.98.121.179
",63bd6394-7b6b-ef11-a670-00224858ae2c
4,000808,"23.98.121.179
",62bd6394-7b6b-ef11-a670-00224858ae2c
1,000807,"23.98.121.179
",60bd6394-7b6b-ef11-a670-00224858ae2c
8,000806,"23.98.121.179
",5fbd6394-7b6b-ef11-a670-00224858ae2c
2,000805,"23.98.121.179
",5ebd6394-7b6b-ef11-a670-00224858ae2c
3,000804,"23.98.121.179
",5dbd6394-7b6b-ef11-a670-00224858ae2c
5,000803,"23.98.121.179
",5cbd6394-7b6b-ef11-a670-00224858ae2c
6,000802,"23.98.121.179
",5bbd6394-7b6b-ef11-a670-00224858ae2c
6,000801,"23.98.121.179
",8dc83c4c-7b6b-ef11-a670-00224858ae2c
7,000800,"20.198.130.152
",8cc83c4c-7b6b-ef11-a670-00224858ae2c
3,000799,"23.98.121.179
",8bc83c4c-7b6b-ef11-a670-00224858ae2c
5,000798,"23.98.121.179
",8ac83c4c-7b6b-ef11-a670-00224858ae2c
4,000797,"23.98.121.179
",89c83c4c-7b6b-ef11-a670-00224858ae2c
10,000796,"20.198.130.152
",88c83c4c-7b6b-ef11-a670-00224858ae2c
9,000795,"23.98.121.179
",87c83c4c-7b6b-ef11-a670-00224858ae2c
1,000794,"23.98.121.179
",86c83c4c-7b6b-ef11-a670-00224858ae2c
8,000793,"23.98.121.179
",85c83c4c-7b6b-ef11-a670-00224858ae2c
2,000792,"23.98.121.179
",83c83c4c-7b6b-ef11-a670-00224858ae2c
2,000791,"23.98.121.179
",d638b306-7b6b-ef11-a670-00224858ae2c
1,000790,"23.98.121.179
",d538b306-7b6b-ef11-a670-00224858ae2c
4,000789,"23.98.121.179
",d438b306-7b6b-ef11-a670-00224858ae2c
7,000788,"20.198.130.152
",d338b306-7b6b-ef11-a670-00224858ae2c
6,000787,"23.98.121.179
",d238b306-7b6b-ef11-a670-00224858ae2c
3,000786,"23.98.121.179
",d138b306-7b6b-ef11-a670-00224858ae2c
9,000785,"23.98.121.179
",d038b306-7b6b-ef11-a670-00224858ae2c
10,000784,"20.198.130.152
",cf38b306-7b6b-ef11-a670-00224858ae2c
5,000783,"23.98.121.179
",ce38b306-7b6b-ef11-a670-00224858ae2c
8,000782,"23.98.121.179
",cd38b306-7b6b-ef11-a670-00224858ae2c
8,000781,"23.98.121.179
",202f73bc-7a6b-ef11-a670-00224858ae2c
2,000780,"23.98.121.179
",1f2f73bc-7a6b-ef11-a670-00224858ae2c
1,000779,"23.98.121.179
",1e2f73bc-7a6b-ef11-a670-00224858ae2c
4,000778,"23.98.121.179
",1d2f73bc-7a6b-ef11-a670-00224858ae2c
5,000777,"23.98.121.179
",1c2f73bc-7a6b-ef11-a670-00224858ae2c
7,000776,"20.198.130.152
",1b2f73bc-7a6b-ef11-a670-00224858ae2c
9,000775,"23.98.121.179
",1a2f73bc-7a6b-ef11-a670-00224858ae2c
10,000774,"20.198.130.152
",192f73bc-7a6b-ef11-a670-00224858ae2c
6,000773,"23.98.121.179
",182f73bc-7a6b-ef11-a670-00224858ae2c
3,000772,"23.98.121.179
",172f73bc-7a6b-ef11-a670-00224858ae2c
10,000771,"20.198.130.152
",27487e74-7a6b-ef11-a670-00224858ae2c
3,000770,"23.98.121.179
",26487e74-7a6b-ef11-a670-00224858ae2c
2,000769,"23.98.121.179
",25487e74-7a6b-ef11-a670-00224858ae2c
1,000768,"23.98.121.179
",24487e74-7a6b-ef11-a670-00224858ae2c
5,000767,"23.98.121.179
",23487e74-7a6b-ef11-a670-00224858ae2c
8,000766,"23.98.121.179
",22487e74-7a6b-ef11-a670-00224858ae2c
7,000765,"20.198.130.152
",21487e74-7a6b-ef11-a670-00224858ae2c
6,000764,"23.98.121.179
",20487e74-7a6b-ef11-a670-00224858ae2c
9,000763,"23.98.121.179
",1f487e74-7a6b-ef11-a670-00224858ae2c
4,000762,"23.98.121.179
",1e487e74-7a6b-ef11-a670-00224858ae2c
6,000761,"23.98.121.179
",38f0552b-7a6b-ef11-a670-00224858ae2c
3,000760,"23.98.121.179
",37f0552b-7a6b-ef11-a670-00224858ae2c
9,000759,"23.98.121.179
",35f0552b-7a6b-ef11-a670-00224858ae2c
1,000758,"23.98.121.179
",34f0552b-7a6b-ef11-a670-00224858ae2c
4,000757,"23.98.121.179
",33f0552b-7a6b-ef11-a670-00224858ae2c
10,000756,"20.198.130.152
",31f0552b-7a6b-ef11-a670-00224858ae2c
2,000755,"23.98.121.179
",2ff0552b-7a6b-ef11-a670-00224858ae2c
8,000754,"23.98.121.179
",30f0552b-7a6b-ef11-a670-00224858ae2c
5,000753,"23.98.121.179
",2ef0552b-7a6b-ef11-a670-00224858ae2c
7,000752,"20.198.130.152
",2df0552b-7a6b-ef11-a670-00224858ae2c
4,000751,"23.98.121.179
",65926ee8-796b-ef11-a670-00224858ae2c
7,000750,"20.198.130.152
",64926ee8-796b-ef11-a670-00224858ae2c
1,000749,"23.98.121.179
",63926ee8-796b-ef11-a670-00224858ae2c
9,000748,"23.98.121.179
",62926ee8-796b-ef11-a670-00224858ae2c
3,000747,"23.98.121.179
",61926ee8-796b-ef11-a670-00224858ae2c
2,000746,"23.98.121.179
",60926ee8-796b-ef11-a670-00224858ae2c
6,000745,"23.98.121.179
",5f926ee8-796b-ef11-a670-00224858ae2c
10,000744,"20.198.130.152
",5e926ee8-796b-ef11-a670-00224858ae2c
8,000743,"23.98.121.179
",5d926ee8-796b-ef11-a670-00224858ae2c
5,000742,"23.98.121.179
",5c926ee8-796b-ef11-a670-00224858ae2c
5,000741,"23.98.121.179
",518caaa0-796b-ef11-a670-00224858ae2c
6,000740,"23.98.121.179
",508caaa0-796b-ef11-a670-00224858ae2c
8,000739,"23.98.121.179
",4f8caaa0-796b-ef11-a670-00224858ae2c
7,000738,"20.198.130.152
",4e8caaa0-796b-ef11-a670-00224858ae2c
2,000737,"23.98.121.179
",4d8caaa0-796b-ef11-a670-00224858ae2c
1,000736,"23.98.121.179
",4c8caaa0-796b-ef11-a670-00224858ae2c
4,000735,"23.98.121.179
",4b8caaa0-796b-ef11-a670-00224858ae2c
9,000734,"23.98.121.179
",4a8caaa0-796b-ef11-a670-00224858ae2c
3,000733,"23.98.121.179
",498caaa0-796b-ef11-a670-00224858ae2c
10,000732,"20.198.130.152
",488caaa0-796b-ef11-a670-00224858ae2c
5,000731,"23.98.121.179
",89e8ca58-796b-ef11-a670-00224858ae2c
9,000730,"23.98.121.179
",88e8ca58-796b-ef11-a670-00224858ae2c
3,000729,"23.98.121.179
",87e8ca58-796b-ef11-a670-00224858ae2c
10,000728,"20.198.130.152
",86e8ca58-796b-ef11-a670-00224858ae2c
2,000727,"23.98.121.179
",85e8ca58-796b-ef11-a670-00224858ae2c
4,000726,"23.98.121.179
",84e8ca58-796b-ef11-a670-00224858ae2c
8,000725,"23.98.121.179
",83e8ca58-796b-ef11-a670-00224858ae2c
6,000724,"23.98.121.179
",82e8ca58-796b-ef11-a670-00224858ae2c
1,000723,"23.98.121.179
",81e8ca58-796b-ef11-a670-00224858ae2c
7,000722,"20.198.130.152
",80e8ca58-796b-ef11-a670-00224858ae2c
3,000721,"23.98.121.179
",b44b1b0d-796b-ef11-a670-00224858ae2c
1,000720,"23.98.121.179
",b34b1b0d-796b-ef11-a670-00224858ae2c
2,000719,"23.98.121.179
",b24b1b0d-796b-ef11-a670-00224858ae2c
8,000718,"23.98.121.179
",b14b1b0d-796b-ef11-a670-00224858ae2c
10,000717,"20.198.130.152
",b04b1b0d-796b-ef11-a670-00224858ae2c
5,000716,"23.98.121.179
",af4b1b0d-796b-ef11-a670-00224858ae2c
9,000715,"23.98.121.179
",ae4b1b0d-796b-ef11-a670-00224858ae2c
4,000714,"23.98.121.179
",ad4b1b0d-796b-ef11-a670-00224858ae2c
6,000713,"23.98.121.179
",ac4b1b0d-796b-ef11-a670-00224858ae2c
7,000712,"20.198.130.152
",ab4b1b0d-796b-ef11-a670-00224858ae2c
5,000711,"23.98.121.179
",2bc866c9-786b-ef11-a670-00224858ae2c
4,000710,"23.98.121.179
",2ac866c9-786b-ef11-a670-00224858ae2c
7,000709,"20.198.130.152
",29c866c9-786b-ef11-a670-00224858ae2c
3,000708,"23.98.121.179
",27c866c9-786b-ef11-a670-00224858ae2c
1,000707,"23.98.121.179
",26c866c9-786b-ef11-a670-00224858ae2c
2,000706,"23.98.121.179
",25c866c9-786b-ef11-a670-00224858ae2c
9,000705,"23.98.121.179
",24c866c9-786b-ef11-a670-00224858ae2c
8,000704,"23.98.121.179
",23c866c9-786b-ef11-a670-00224858ae2c
10,000703,"20.198.130.152
",22c866c9-786b-ef11-a670-00224858ae2c
6,000702,"23.98.121.179
",21c866c9-786b-ef11-a670-00224858ae2c
4,000701,"23.98.121.179
",17e29482-786b-ef11-a670-00224858ae2c
9,000700,"23.98.121.179
",16e29482-786b-ef11-a670-00224858ae2c
2,000698,"23.98.121.179
",14e29482-786b-ef11-a670-00224858ae2c
1,000699,"23.98.121.179
",15e29482-786b-ef11-a670-00224858ae2c
6,000697,"23.98.121.179
",13e29482-786b-ef11-a670-00224858ae2c
3,000696,"23.98.121.179
",12e29482-786b-ef11-a670-00224858ae2c
5,000695,"23.98.121.179
",11e29482-786b-ef11-a670-00224858ae2c
7,000694,"20.198.130.152
",10e29482-786b-ef11-a670-00224858ae2c
8,000693,"23.98.121.179
",f908937c-786b-ef11-a670-00224858ae2c
10,000692,"20.198.130.152
",f808937c-786b-ef11-a670-00224858ae2c
8,000691,"23.98.121.179
",adffa43a-786b-ef11-a670-00224858ae2c
7,000690,"20.198.130.152
",acffa43a-786b-ef11-a670-00224858ae2c
10,000689,"20.198.130.152
",abffa43a-786b-ef11-a670-00224858ae2c
9,000688,"23.98.121.179
",aaffa43a-786b-ef11-a670-00224858ae2c
6,000687,"23.98.121.179
",a9ffa43a-786b-ef11-a670-00224858ae2c
4,000686,"23.98.121.179
",a8ffa43a-786b-ef11-a670-00224858ae2c
5,000685,"23.98.121.179
",a7ffa43a-786b-ef11-a670-00224858ae2c
1,000684,"23.98.121.179
",a6ffa43a-786b-ef11-a670-00224858ae2c
3,000683,"23.98.121.179
",a5ffa43a-786b-ef11-a670-00224858ae2c
2,000682,"23.98.121.179
",a4ffa43a-786b-ef11-a670-00224858ae2c
5,000681,"23.98.121.179
",9bd743f2-776b-ef11-a670-00224858ae2c
10,000680,"20.198.130.152
",9ad743f2-776b-ef11-a670-00224858ae2c
7,000679,"20.198.130.152
",99d743f2-776b-ef11-a670-00224858ae2c
8,000678,"23.98.121.179
",98d743f2-776b-ef11-a670-00224858ae2c
9,000677,"23.98.121.179
",97d743f2-776b-ef11-a670-00224858ae2c
6,000676,"23.98.121.179
",96d743f2-776b-ef11-a670-00224858ae2c
4,000675,"23.98.121.179
",95d743f2-776b-ef11-a670-00224858ae2c
3,000674,"23.98.121.179
",94d743f2-776b-ef11-a670-00224858ae2c
2,000673,"23.98.121.179
",93d743f2-776b-ef11-a670-00224858ae2c
1,000672,"23.98.121.179
",92d743f2-776b-ef11-a670-00224858ae2c
3,000671,"23.98.121.179
",52d7f4ab-776b-ef11-a670-00224858ae2c
4,000670,"23.98.121.179
",51d7f4ab-776b-ef11-a670-00224858ae2c
8,000669,"23.98.121.179
",50d7f4ab-776b-ef11-a670-00224858ae2c
7,000668,"20.198.130.152
",4fd7f4ab-776b-ef11-a670-00224858ae2c
9,000667,"23.98.121.179
",4ed7f4ab-776b-ef11-a670-00224858ae2c
5,000666,"23.98.121.179
",4dd7f4ab-776b-ef11-a670-00224858ae2c
10,000665,"20.198.130.152
",4cd7f4ab-776b-ef11-a670-00224858ae2c
6,000664,"23.98.121.179
",4bd7f4ab-776b-ef11-a670-00224858ae2c
1,000663,"23.98.121.179
",4ad7f4ab-776b-ef11-a670-00224858ae2c
2,000662,"23.98.121.179
",49d7f4ab-776b-ef11-a670-00224858ae2c
9,000661,"23.98.121.179
",779bc161-776b-ef11-a670-00224858ae2c
7,000660,"20.198.130.152
",769bc161-776b-ef11-a670-00224858ae2c
2,000659,"23.98.121.179
",759bc161-776b-ef11-a670-00224858ae2c
6,000658,"23.98.121.179
",749bc161-776b-ef11-a670-00224858ae2c
3,000657,"23.98.121.179
",739bc161-776b-ef11-a670-00224858ae2c
5,000656,"23.98.121.179
",729bc161-776b-ef11-a670-00224858ae2c
8,000655,"23.98.121.179
",719bc161-776b-ef11-a670-00224858ae2c
1,000654,"23.98.121.179
",6f9bc161-776b-ef11-a670-00224858ae2c
4,000653,"23.98.121.179
",6e9bc161-776b-ef11-a670-00224858ae2c
10,000652,"20.198.130.152
",6c9bc161-776b-ef11-a670-00224858ae2c
4,000651,"23.98.121.179
",d7dc7a1b-776b-ef11-a670-00224858ae2c
10,000650,"20.198.130.152
",d6dc7a1b-776b-ef11-a670-00224858ae2c
5,000649,"23.98.121.179
",d5dc7a1b-776b-ef11-a670-00224858ae2c
7,000648,"20.198.130.152
",d4dc7a1b-776b-ef11-a670-00224858ae2c
1,000647,"23.98.121.179
",d3dc7a1b-776b-ef11-a670-00224858ae2c
9,000646,"23.98.121.179
",d2dc7a1b-776b-ef11-a670-00224858ae2c
6,000644,"23.98.121.179
",d0dc7a1b-776b-ef11-a670-00224858ae2c
2,000645,"23.98.121.179
",d1dc7a1b-776b-ef11-a670-00224858ae2c
3,000643,"23.98.121.179
",cfdc7a1b-776b-ef11-a670-00224858ae2c
8,000642,"23.98.121.179
",cedc7a1b-776b-ef11-a670-00224858ae2c
9,000641,"23.98.121.179
",9fbe43d5-766b-ef11-a670-00224858ae2c
10,000640,"20.198.130.152
",9ebe43d5-766b-ef11-a670-00224858ae2c
5,000639,"23.98.121.179
",9dbe43d5-766b-ef11-a670-00224858ae2c
4,000638,"23.98.121.179
",9cbe43d5-766b-ef11-a670-00224858ae2c
7,000637,"20.198.130.152
",9bbe43d5-766b-ef11-a670-00224858ae2c
6,000636,"23.98.121.179
",9abe43d5-766b-ef11-a670-00224858ae2c
1,000635,"23.98.121.179
",99be43d5-766b-ef11-a670-00224858ae2c
2,000634,"23.98.121.179
",98be43d5-766b-ef11-a670-00224858ae2c
3,000633,"23.98.121.179
",97be43d5-766b-ef11-a670-00224858ae2c
8,000632,"23.98.121.179
",96be43d5-766b-ef11-a670-00224858ae2c
5,000631,"23.98.121.179
",4071d48d-766b-ef11-a670-00224858ae2c
1,000630,"23.98.121.179
",3f71d48d-766b-ef11-a670-00224858ae2c
8,000629,"23.98.121.179
",3e71d48d-766b-ef11-a670-00224858ae2c
9,000628,"23.98.121.179
",3d71d48d-766b-ef11-a670-00224858ae2c
7,000627,"20.198.130.152
",3c71d48d-766b-ef11-a670-00224858ae2c
10,000626,"20.198.130.152
",3b71d48d-766b-ef11-a670-00224858ae2c
4,000624,"23.98.121.179
",3971d48d-766b-ef11-a670-00224858ae2c
2,000625,"23.98.121.179
",3a71d48d-766b-ef11-a670-00224858ae2c
3,000622,"23.98.121.179
",3771d48d-766b-ef11-a670-00224858ae2c
6,000623,"23.98.121.179
",3871d48d-766b-ef11-a670-00224858ae2c
1,000621,"23.98.121.179
",ca54be44-766b-ef11-a670-00224858ae2c
5,000620,"23.98.121.179
",c954be44-766b-ef11-a670-00224858ae2c
8,000619,"23.98.121.179
",c854be44-766b-ef11-a670-00224858ae2c
3,000618,"23.98.121.179
",c754be44-766b-ef11-a670-00224858ae2c
9,000617,"23.98.121.179
",c654be44-766b-ef11-a670-00224858ae2c
4,000616,"23.98.121.179
",c454be44-766b-ef11-a670-00224858ae2c
7,000615,"20.198.130.152
",c354be44-766b-ef11-a670-00224858ae2c
6,000614,"23.98.121.179
",c254be44-766b-ef11-a670-00224858ae2c
2,000613,"23.98.121.179
",c154be44-766b-ef11-a670-00224858ae2c
10,000612,"20.198.130.152
",bf54be44-766b-ef11-a670-00224858ae2c
5,000611,"23.98.121.179
",180d99fd-756b-ef11-a670-00224858ae2c
6,000610,"23.98.121.179
",170d99fd-756b-ef11-a670-00224858ae2c
4,000609,"23.98.121.179
",140d99fd-756b-ef11-a670-00224858ae2c
10,000608,"20.198.130.152
",130d99fd-756b-ef11-a670-00224858ae2c
8,000607,"23.98.121.179
",120d99fd-756b-ef11-a670-00224858ae2c
3,000606,"23.98.121.179
",110d99fd-756b-ef11-a670-00224858ae2c
7,000605,"20.198.130.152
",100d99fd-756b-ef11-a670-00224858ae2c
9,000604,"23.98.121.179
",0f0d99fd-756b-ef11-a670-00224858ae2c
1,000603,"23.98.121.179
",0e0d99fd-756b-ef11-a670-00224858ae2c
2,000602,"23.98.121.179
",0d0d99fd-756b-ef11-a670-00224858ae2c
7,000601,"20.198.130.152
",01676cb6-756b-ef11-a670-00224858ae2c
3,000600,"23.98.121.179
",00676cb6-756b-ef11-a670-00224858ae2c
2,000599,"23.98.121.179
",ff666cb6-756b-ef11-a670-00224858ae2c
6,000598,"23.98.121.179
",fe666cb6-756b-ef11-a670-00224858ae2c
4,000597,"23.98.121.179
",fd666cb6-756b-ef11-a670-00224858ae2c
5,000596,"23.98.121.179
",fc666cb6-756b-ef11-a670-00224858ae2c
10,000595,"20.198.130.152
",fb666cb6-756b-ef11-a670-00224858ae2c
8,000594,"23.98.121.179
",fa666cb6-756b-ef11-a670-00224858ae2c
9,000593,"23.98.121.179
",f9666cb6-756b-ef11-a670-00224858ae2c
1,000592,"23.98.121.179
",f7666cb6-756b-ef11-a670-00224858ae2c
8,000591,"23.98.121.179
",5992a56f-756b-ef11-a670-00224858ae2c
1,000590,"23.98.121.179
",5892a56f-756b-ef11-a670-00224858ae2c
9,000589,"23.98.121.179
",5792a56f-756b-ef11-a670-00224858ae2c
7,000588,"20.198.130.152
",5692a56f-756b-ef11-a670-00224858ae2c
5,000587,"23.98.121.179
",5592a56f-756b-ef11-a670-00224858ae2c
4,000586,"23.98.121.179
",5492a56f-756b-ef11-a670-00224858ae2c
2,000585,"23.98.121.179
",5392a56f-756b-ef11-a670-00224858ae2c
6,000584,"23.98.121.179
",5292a56f-756b-ef11-a670-00224858ae2c
3,000583,"23.98.121.179
",5192a56f-756b-ef11-a670-00224858ae2c
10,000582,"20.198.130.152
",5092a56f-756b-ef11-a670-00224858ae2c
5,000581,"23.98.121.179
",3bec7425-756b-ef11-a670-00224858ae2c
10,000580,"20.198.130.152
",3aec7425-756b-ef11-a670-00224858ae2c
2,000579,"23.98.121.179
",39ec7425-756b-ef11-a670-00224858ae2c
1,000578,"23.98.121.179
",38ec7425-756b-ef11-a670-00224858ae2c
9,000577,"23.98.121.179
",37ec7425-756b-ef11-a670-00224858ae2c
7,000576,"20.198.130.152
",35ec7425-756b-ef11-a670-00224858ae2c
8,000575,"23.98.121.179
",34ec7425-756b-ef11-a670-00224858ae2c
3,000574,"23.98.121.179
",33ec7425-756b-ef11-a670-00224858ae2c
6,000573,"23.98.121.179
",32ec7425-756b-ef11-a670-00224858ae2c
4,000572,"23.98.121.179
",31ec7425-756b-ef11-a670-00224858ae2c
5,000571,"23.98.121.179
",6a7066df-746b-ef11-a670-00224858ae2c
6,000570,"23.98.121.179
",687066df-746b-ef11-a670-00224858ae2c
4,000569,"23.98.121.179
",677066df-746b-ef11-a670-00224858ae2c
3,000568,"23.98.121.179
",657066df-746b-ef11-a670-00224858ae2c
2,000567,"23.98.121.179
",647066df-746b-ef11-a670-00224858ae2c
9,000566,"23.98.121.179
",637066df-746b-ef11-a670-00224858ae2c
7,000565,"20.198.130.152
",617066df-746b-ef11-a670-00224858ae2c
1,000564,"23.98.121.179
",607066df-746b-ef11-a670-00224858ae2c
10,000563,"20.198.130.152
",5f7066df-746b-ef11-a670-00224858ae2c
8,000562,"23.98.121.179
",5e7066df-746b-ef11-a670-00224858ae2c
3,000561,"23.98.121.179
",b1338298-746b-ef11-a670-00224858ae2c
7,000560,"20.198.130.152
",ab338298-746b-ef11-a670-00224858ae2c
1,000559,"23.98.121.179
",a6338298-746b-ef11-a670-00224858ae2c
6,000558,"23.98.121.179
",a7338298-746b-ef11-a670-00224858ae2c
4,000557,"23.98.121.179
",a5338298-746b-ef11-a670-00224858ae2c
5,000556,"23.98.121.179
",a3338298-746b-ef11-a670-00224858ae2c
8,000555,"23.98.121.179
",a2338298-746b-ef11-a670-00224858ae2c
10,000554,"20.198.130.152
",a1338298-746b-ef11-a670-00224858ae2c
9,000553,"23.98.121.179
",a0338298-746b-ef11-a670-00224858ae2c
2,000552,"23.98.121.179
",9f338298-746b-ef11-a670-00224858ae2c
8,000550,"23.98.121.179
",15ed6c51-746b-ef11-a670-00224858ae2c
10,000551,"20.198.130.152
",16ed6c51-746b-ef11-a670-00224858ae2c
7,000549,"20.198.130.152
",14ed6c51-746b-ef11-a670-00224858ae2c
5,000548,"23.98.121.179
",13ed6c51-746b-ef11-a670-00224858ae2c
3,000547,"23.98.121.179
",12ed6c51-746b-ef11-a670-00224858ae2c
4,000546,"23.98.121.179
",11ed6c51-746b-ef11-a670-00224858ae2c
1,000545,"23.98.121.179
",10ed6c51-746b-ef11-a670-00224858ae2c
6,000544,"23.98.121.179
",0fed6c51-746b-ef11-a670-00224858ae2c
2,000543,"23.98.121.179
",0eed6c51-746b-ef11-a670-00224858ae2c
9,000542,"23.98.121.179
",0ded6c51-746b-ef11-a670-00224858ae2c
5,000541,"23.98.121.179
",4e8c1d0a-746b-ef11-a670-00224858ae2c
2,000540,"23.98.121.179
",4d8c1d0a-746b-ef11-a670-00224858ae2c
4,000539,"23.98.121.179
",4c8c1d0a-746b-ef11-a670-00224858ae2c
9,000538,"23.98.121.179
",4b8c1d0a-746b-ef11-a670-00224858ae2c
10,000537,"20.198.130.152
",4a8c1d0a-746b-ef11-a670-00224858ae2c
7,000536,"20.198.130.152
",498c1d0a-746b-ef11-a670-00224858ae2c
8,000535,"23.98.121.179
",488c1d0a-746b-ef11-a670-00224858ae2c
1,000534,"23.98.121.179
",478c1d0a-746b-ef11-a670-00224858ae2c
3,000533,"23.98.121.179
",468c1d0a-746b-ef11-a670-00224858ae2c
6,000532,"23.98.121.179
",458c1d0a-746b-ef11-a670-00224858ae2c
1,000531,"23.98.121.179
",62074ec3-736b-ef11-a670-00224858ae2c
3,000530,"23.98.121.179
",61074ec3-736b-ef11-a670-00224858ae2c
5,000529,"23.98.121.179
",60074ec3-736b-ef11-a670-00224858ae2c
4,000528,"23.98.121.179
",025734bd-736b-ef11-a670-00224858ae2c
9,000527,"23.98.121.179
",015734bd-736b-ef11-a670-00224858ae2c
7,000526,"20.198.130.152
",005734bd-736b-ef11-a670-00224858ae2c
2,000525,"23.98.121.179
",ff5634bd-736b-ef11-a670-00224858ae2c
10,000524,"20.198.130.152
",fe5634bd-736b-ef11-a670-00224858ae2c
8,000523,"23.98.121.179
",fd5634bd-736b-ef11-a670-00224858ae2c
6,000522,"23.98.121.179
",fc5634bd-736b-ef11-a670-00224858ae2c
5,000521,"23.98.121.179
",870bf07a-736b-ef11-a670-00224858ae2c
6,000520,"23.98.121.179
",860bf07a-736b-ef11-a670-00224858ae2c
7,000519,"20.198.130.152
",850bf07a-736b-ef11-a670-00224858ae2c
9,000518,"23.98.121.179
",840bf07a-736b-ef11-a670-00224858ae2c
4,000517,"23.98.121.179
",830bf07a-736b-ef11-a670-00224858ae2c
3,000516,"23.98.121.179
",820bf07a-736b-ef11-a670-00224858ae2c
1,000515,"23.98.121.179
",810bf07a-736b-ef11-a670-00224858ae2c
10,000514,"20.198.130.152
",800bf07a-736b-ef11-a670-00224858ae2c
8,000513,"23.98.121.179
",7f0bf07a-736b-ef11-a670-00224858ae2c
2,000512,"23.98.121.179
",7e0bf07a-736b-ef11-a670-00224858ae2c
3,000511,"23.98.121.179
",6159783f-736b-ef11-a670-6045bd1e71d7
2,000510,"23.98.121.179
",f03d7b39-736b-ef11-a670-00224858ae2c
6,000509,"23.98.121.179
",ee3d7b39-736b-ef11-a670-00224858ae2c
9,000508,"23.98.121.179
",ed3d7b39-736b-ef11-a670-00224858ae2c
10,000507,"20.198.130.152
",eb3d7b39-736b-ef11-a670-00224858ae2c
7,000506,"20.198.130.152
",ea3d7b39-736b-ef11-a670-00224858ae2c
1,000505,"23.98.121.179
",e93d7b39-736b-ef11-a670-00224858ae2c
5,000504,"23.98.121.179
",e83d7b39-736b-ef11-a670-00224858ae2c
4,000503,"23.98.121.179
",e73d7b39-736b-ef11-a670-00224858ae2c
8,000502,"23.98.121.179
",e63d7b39-736b-ef11-a670-00224858ae2c
10,000501,"20.198.130.152
",8a6e56ec-726b-ef11-a670-00224858ae2c
4,000500,"23.98.121.179
",896e56ec-726b-ef11-a670-00224858ae2c
8,000499,"23.98.121.179
",c9a948e6-726b-ef11-a670-00224858ae2c
7,000498,"20.198.130.152
",c8a948e6-726b-ef11-a670-00224858ae2c
5,000497,"23.98.121.179
",c7a948e6-726b-ef11-a670-00224858ae2c
9,000496,"23.98.121.179
",c6a948e6-726b-ef11-a670-00224858ae2c
6,000495,"23.98.121.179
",c5a948e6-726b-ef11-a670-00224858ae2c
1,000494,"23.98.121.179
",c4a948e6-726b-ef11-a670-00224858ae2c
2,000493,"23.98.121.179
",c3a948e6-726b-ef11-a670-00224858ae2c
3,000492,"23.98.121.179
",c2a948e6-726b-ef11-a670-00224858ae2c
4,000491,"23.98.121.179
",69a79aa4-726b-ef11-a670-00224858ae2c
3,000490,"23.98.121.179
",68a79aa4-726b-ef11-a670-00224858ae2c
8,000489,"23.98.121.179
",67a79aa4-726b-ef11-a670-00224858ae2c
10,000488,"20.198.130.152
",66a79aa4-726b-ef11-a670-00224858ae2c
5,000487,"23.98.121.179
",65a79aa4-726b-ef11-a670-00224858ae2c
9,000486,"23.98.121.179
",64a79aa4-726b-ef11-a670-00224858ae2c
1,000485,"23.98.121.179
",63a79aa4-726b-ef11-a670-00224858ae2c
7,000484,"20.198.130.152
",62a79aa4-726b-ef11-a670-00224858ae2c
2,000483,"23.98.121.179
",61a79aa4-726b-ef11-a670-00224858ae2c
6,000482,"23.98.121.179
",60a79aa4-726b-ef11-a670-00224858ae2c
6,000481,"23.98.121.179
",d343925c-726b-ef11-a670-00224858ae2c
2,000480,"23.98.121.179
",d243925c-726b-ef11-a670-00224858ae2c
3,000479,"23.98.121.179
",d143925c-726b-ef11-a670-00224858ae2c
8,000478,"23.98.121.179
",d043925c-726b-ef11-a670-00224858ae2c
5,000477,"23.98.121.179
",cf43925c-726b-ef11-a670-00224858ae2c
9,000476,"23.98.121.179
",ce43925c-726b-ef11-a670-00224858ae2c
4,000475,"23.98.121.179
",cd43925c-726b-ef11-a670-00224858ae2c
7,000474,"20.198.130.152
",cc43925c-726b-ef11-a670-00224858ae2c
10,000473,"20.198.130.152
",cb43925c-726b-ef11-a670-00224858ae2c
1,000472,"23.98.121.179
",ca43925c-726b-ef11-a670-00224858ae2c
5,000471,"23.98.121.179
",15443d11-726b-ef11-a670-00224858ae2c
10,000470,"20.198.130.152
",14443d11-726b-ef11-a670-00224858ae2c
1,000469,"23.98.121.179
",13443d11-726b-ef11-a670-00224858ae2c
4,000468,"23.98.121.179
",12443d11-726b-ef11-a670-00224858ae2c
7,000467,"20.198.130.152
",11443d11-726b-ef11-a670-00224858ae2c
6,000466,"23.98.121.179
",10443d11-726b-ef11-a670-00224858ae2c
3,000465,"23.98.121.179
",0f443d11-726b-ef11-a670-00224858ae2c
8,000464,"23.98.121.179
",0e443d11-726b-ef11-a670-00224858ae2c
2,000463,"23.98.121.179
",0d443d11-726b-ef11-a670-00224858ae2c
9,000462,"23.98.121.179
",0c443d11-726b-ef11-a670-00224858ae2c
8,000461,"23.98.121.179
",883423cd-716b-ef11-a670-00224858ae2c
1,000460,"23.98.121.179
",853423cd-716b-ef11-a670-00224858ae2c
9,000459,"23.98.121.179
",843423cd-716b-ef11-a670-00224858ae2c
4,000458,"23.98.121.179
",833423cd-716b-ef11-a670-00224858ae2c
7,000457,"20.198.130.152
",823423cd-716b-ef11-a670-00224858ae2c
10,000456,"20.198.130.152
",803423cd-716b-ef11-a670-00224858ae2c
3,000455,"23.98.121.179
",7f3423cd-716b-ef11-a670-00224858ae2c
6,000452,"23.98.121.179
",7c3423cd-716b-ef11-a670-00224858ae2c
5,000454,"23.98.121.179
",7e3423cd-716b-ef11-a670-00224858ae2c
2,000453,"23.98.121.179
",7d3423cd-716b-ef11-a670-00224858ae2c
8,000451,"23.98.121.179
",31ff3c84-716b-ef11-a670-00224858ae2c
5,000450,"23.98.121.179
",30ff3c84-716b-ef11-a670-00224858ae2c
1,000448,"23.98.121.179
",2eff3c84-716b-ef11-a670-00224858ae2c
4,000449,"23.98.121.179
",2fff3c84-716b-ef11-a670-00224858ae2c
10,000447,"20.198.130.152
",2dff3c84-716b-ef11-a670-00224858ae2c
9,000446,"23.98.121.179
",2cff3c84-716b-ef11-a670-00224858ae2c
7,000445,"20.198.130.152
",2bff3c84-716b-ef11-a670-00224858ae2c
2,000444,"23.98.121.179
",2aff3c84-716b-ef11-a670-00224858ae2c
3,000443,"23.98.121.179
",29ff3c84-716b-ef11-a670-00224858ae2c
6,000442,"23.98.121.179
",28ff3c84-716b-ef11-a670-00224858ae2c
10,000441,"20.198.130.152
",eea3933d-716b-ef11-a670-00224858ae2c
3,000440,"23.98.121.179
",eda3933d-716b-ef11-a670-00224858ae2c
5,000439,"23.98.121.179
",eca3933d-716b-ef11-a670-00224858ae2c
8,000438,"23.98.121.179
",eba3933d-716b-ef11-a670-00224858ae2c
4,000437,"23.98.121.179
",eaa3933d-716b-ef11-a670-00224858ae2c
9,000436,"23.98.121.179
",e9a3933d-716b-ef11-a670-00224858ae2c
1,000435,"23.98.121.179
",e8a3933d-716b-ef11-a670-00224858ae2c
7,000434,"20.198.130.152
",e7a3933d-716b-ef11-a670-00224858ae2c
2,000433,"23.98.121.179
",e6a3933d-716b-ef11-a670-00224858ae2c
6,000432,"23.98.121.179
",e5a3933d-716b-ef11-a670-00224858ae2c
9,000431,"23.98.121.179
",596e4ef5-706b-ef11-a670-00224858ae2c
5,000430,"23.98.121.179
",586e4ef5-706b-ef11-a670-00224858ae2c
3,000429,"23.98.121.179
",556e4ef5-706b-ef11-a670-00224858ae2c
6,000428,"23.98.121.179
",536e4ef5-706b-ef11-a670-00224858ae2c
2,000427,"23.98.121.179
",526e4ef5-706b-ef11-a670-00224858ae2c
10,000426,"20.198.130.152
",516e4ef5-706b-ef11-a670-00224858ae2c
8,000425,"23.98.121.179
",506e4ef5-706b-ef11-a670-00224858ae2c
1,000424,"23.98.121.179
",4f6e4ef5-706b-ef11-a670-00224858ae2c
4,000423,"23.98.121.179
",4e6e4ef5-706b-ef11-a670-00224858ae2c
7,000422,"20.198.130.152
",4d6e4ef5-706b-ef11-a670-00224858ae2c
1,000421,"23.98.121.179
",cc9eafaf-706b-ef11-a670-00224858ae2c
9,000420,"23.98.121.179
",cb9eafaf-706b-ef11-a670-00224858ae2c
6,000419,"23.98.121.179
",c99eafaf-706b-ef11-a670-00224858ae2c
7,000418,"20.198.130.152
",c89eafaf-706b-ef11-a670-00224858ae2c
10,000417,"20.198.130.152
",c39eafaf-706b-ef11-a670-00224858ae2c
5,000416,"23.98.121.179
",c29eafaf-706b-ef11-a670-00224858ae2c
2,000415,"23.98.121.179
",c19eafaf-706b-ef11-a670-00224858ae2c
3,000414,"23.98.121.179
",c09eafaf-706b-ef11-a670-00224858ae2c
8,000413,"23.98.121.179
",bf9eafaf-706b-ef11-a670-00224858ae2c
4,000412,"23.98.121.179
",be9eafaf-706b-ef11-a670-00224858ae2c
5,000411,"23.98.121.179
",79ebae67-706b-ef11-a670-00224858ae2c
4,000410,"23.98.121.179
",75ebae67-706b-ef11-a670-00224858ae2c
7,000409,"20.198.130.152
",74ebae67-706b-ef11-a670-00224858ae2c
6,000408,"23.98.121.179
",73ebae67-706b-ef11-a670-00224858ae2c
2,000407,"23.98.121.179
",72ebae67-706b-ef11-a670-00224858ae2c
1,000406,"23.98.121.179
",71ebae67-706b-ef11-a670-00224858ae2c
9,000405,"23.98.121.179
",70ebae67-706b-ef11-a670-00224858ae2c
3,000404,"23.98.121.179
",6febae67-706b-ef11-a670-00224858ae2c
10,000403,"20.198.130.152
",6eebae67-706b-ef11-a670-00224858ae2c
8,000402,"23.98.121.179
",6debae67-706b-ef11-a670-00224858ae2c
5,000401,"23.98.121.179
",1635cd1f-706b-ef11-a670-00224858ae2c
9,000400,"23.98.121.179
",1535cd1f-706b-ef11-a670-00224858ae2c
10,000399,"20.198.130.152
",1435cd1f-706b-ef11-a670-00224858ae2c
4,000398,"23.98.121.179
",1335cd1f-706b-ef11-a670-00224858ae2c
7,000396,"20.198.130.152
",1135cd1f-706b-ef11-a670-00224858ae2c
1,000397,"23.98.121.179
",1235cd1f-706b-ef11-a670-00224858ae2c
6,000395,"23.98.121.179
",1035cd1f-706b-ef11-a670-00224858ae2c
3,000394,"23.98.121.179
",0f35cd1f-706b-ef11-a670-00224858ae2c
8,000393,"23.98.121.179
",0d35cd1f-706b-ef11-a670-00224858ae2c
2,000392,"23.98.121.179
",0c35cd1f-706b-ef11-a670-00224858ae2c
1,000391,"23.98.121.179
",ca0e86d7-6f6b-ef11-a670-00224858ae2c
5,000390,"23.98.121.179
",c90e86d7-6f6b-ef11-a670-00224858ae2c
2,000389,"23.98.121.179
",c80e86d7-6f6b-ef11-a670-00224858ae2c
8,000388,"23.98.121.179
",c70e86d7-6f6b-ef11-a670-00224858ae2c
9,000387,"23.98.121.179
",c60e86d7-6f6b-ef11-a670-00224858ae2c
3,000386,"23.98.121.179
",c50e86d7-6f6b-ef11-a670-00224858ae2c
10,000385,"20.198.130.152
",c40e86d7-6f6b-ef11-a670-00224858ae2c
4,000383,"23.98.121.179
",c10e86d7-6f6b-ef11-a670-00224858ae2c
7,000384,"20.198.130.152
",c20e86d7-6f6b-ef11-a670-00224858ae2c
6,000382,"23.98.121.179
",c00e86d7-6f6b-ef11-a670-00224858ae2c
5,000381,"23.98.121.179
",fcf62b90-6f6b-ef11-a670-00224858ae2c
4,000380,"23.98.121.179
",fbf62b90-6f6b-ef11-a670-00224858ae2c
3,000379,"23.98.121.179
",faf62b90-6f6b-ef11-a670-00224858ae2c
7,000378,"20.198.130.152
",f9f62b90-6f6b-ef11-a670-00224858ae2c
2,000377,"23.98.121.179
",f7f62b90-6f6b-ef11-a670-00224858ae2c
8,000376,"23.98.121.179
",f8f62b90-6f6b-ef11-a670-00224858ae2c
1,000375,"23.98.121.179
",f6f62b90-6f6b-ef11-a670-00224858ae2c
10,000374,"20.198.130.152
",f5f62b90-6f6b-ef11-a670-00224858ae2c
9,000373,"23.98.121.179
",f4f62b90-6f6b-ef11-a670-00224858ae2c
6,000372,"23.98.121.179
",f3f62b90-6f6b-ef11-a670-00224858ae2c
1,000371,"23.98.121.179
",cd21a047-6f6b-ef11-a670-00224858ae2c
6,000370,"23.98.121.179
",cc21a047-6f6b-ef11-a670-00224858ae2c
3,000369,"23.98.121.179
",cb21a047-6f6b-ef11-a670-00224858ae2c
8,000368,"23.98.121.179
",ca21a047-6f6b-ef11-a670-00224858ae2c
2,000367,"23.98.121.179
",c921a047-6f6b-ef11-a670-00224858ae2c
10,000366,"20.198.130.152
",c821a047-6f6b-ef11-a670-00224858ae2c
5,000365,"23.98.121.179
",c721a047-6f6b-ef11-a670-00224858ae2c
4,000364,"23.98.121.179
",c621a047-6f6b-ef11-a670-00224858ae2c
7,000363,"20.198.130.152
",c521a047-6f6b-ef11-a670-00224858ae2c
9,000362,"23.98.121.179
",c421a047-6f6b-ef11-a670-00224858ae2c
6,000361,"23.98.121.179
",21ad6a02-6f6b-ef11-a670-00224858ae2c
5,000360,"23.98.121.179
",20ad6a02-6f6b-ef11-a670-00224858ae2c
7,000359,"20.198.130.152
",1fad6a02-6f6b-ef11-a670-00224858ae2c
4,000358,"23.98.121.179
",1ead6a02-6f6b-ef11-a670-00224858ae2c
8,000357,"23.98.121.179
",1dad6a02-6f6b-ef11-a670-00224858ae2c
3,000356,"23.98.121.179
",1cad6a02-6f6b-ef11-a670-00224858ae2c
10,000355,"20.198.130.152
",1bad6a02-6f6b-ef11-a670-00224858ae2c
1,000354,"23.98.121.179
",1aad6a02-6f6b-ef11-a670-00224858ae2c
2,000353,"23.98.121.179
",19ad6a02-6f6b-ef11-a670-00224858ae2c
9,000352,"23.98.121.179
",14ad6a02-6f6b-ef11-a670-00224858ae2c
2,000351,"23.98.121.179
",82f571b8-6e6b-ef11-a670-00224858ae2c
9,000350,"23.98.121.179
",81f571b8-6e6b-ef11-a670-00224858ae2c
6,000349,"23.98.121.179
",80f571b8-6e6b-ef11-a670-00224858ae2c
5,000348,"23.98.121.179
",7ff571b8-6e6b-ef11-a670-00224858ae2c
7,000347,"20.198.130.152
",7ef571b8-6e6b-ef11-a670-00224858ae2c
3,000346,"23.98.121.179
",7df571b8-6e6b-ef11-a670-00224858ae2c
4,000345,"23.98.121.179
",7cf571b8-6e6b-ef11-a670-00224858ae2c
8,000344,"23.98.121.179
",7bf571b8-6e6b-ef11-a670-00224858ae2c
10,000343,"20.198.130.152
",7af571b8-6e6b-ef11-a670-00224858ae2c
1,000342,"23.98.121.179
",79f571b8-6e6b-ef11-a670-00224858ae2c
3,000341,"23.98.121.179
",b0c99471-6e6b-ef11-a670-00224858ae2c
5,000340,"23.98.121.179
",aec99471-6e6b-ef11-a670-00224858ae2c
8,000339,"23.98.121.179
",adc99471-6e6b-ef11-a670-00224858ae2c
1,000338,"23.98.121.179
",acc99471-6e6b-ef11-a670-00224858ae2c
10,000337,"20.198.130.152
",aac99471-6e6b-ef11-a670-00224858ae2c
2,000336,"23.98.121.179
",a6c99471-6e6b-ef11-a670-00224858ae2c
9,000335,"23.98.121.179
",a4c99471-6e6b-ef11-a670-00224858ae2c
4,000334,"23.98.121.179
",a2c99471-6e6b-ef11-a670-00224858ae2c
6,000333,"23.98.121.179
",a1c99471-6e6b-ef11-a670-00224858ae2c
7,000332,"20.198.130.152
",a0c99471-6e6b-ef11-a670-00224858ae2c
8,000331,"23.98.121.179
",799c2d2b-6e6b-ef11-a670-00224858ae2c
1,000330,"23.98.121.179
",789c2d2b-6e6b-ef11-a670-00224858ae2c
10,000329,"20.198.130.152
",779c2d2b-6e6b-ef11-a670-00224858ae2c
3,000328,"23.98.121.179
",769c2d2b-6e6b-ef11-a670-00224858ae2c
2,000327,"23.98.121.179
",749c2d2b-6e6b-ef11-a670-00224858ae2c
5,000326,"23.98.121.179
",739c2d2b-6e6b-ef11-a670-00224858ae2c
9,000325,"23.98.121.179
",729c2d2b-6e6b-ef11-a670-00224858ae2c
6,000324,"23.98.121.179
",719c2d2b-6e6b-ef11-a670-00224858ae2c
4,000323,"23.98.121.179
",709c2d2b-6e6b-ef11-a670-00224858ae2c
7,000322,"20.198.130.152
",6f9c2d2b-6e6b-ef11-a670-00224858ae2c
3,000321,"23.98.121.179
",627b17e2-6d6b-ef11-a670-00224858ae2c
5,000320,"23.98.121.179
",607b17e2-6d6b-ef11-a670-00224858ae2c
9,000319,"23.98.121.179
",5e7b17e2-6d6b-ef11-a670-00224858ae2c
4,000318,"23.98.121.179
",5d7b17e2-6d6b-ef11-a670-00224858ae2c
10,000317,"20.198.130.152
",5c7b17e2-6d6b-ef11-a670-00224858ae2c
7,000316,"20.198.130.152
",5a7b17e2-6d6b-ef11-a670-00224858ae2c
1,000315,"23.98.121.179
",587b17e2-6d6b-ef11-a670-00224858ae2c
2,000314,"23.98.121.179
",577b17e2-6d6b-ef11-a670-00224858ae2c
8,000313,"23.98.121.179
",537b17e2-6d6b-ef11-a670-00224858ae2c
6,000312,"23.98.121.179
",507b17e2-6d6b-ef11-a670-00224858ae2c
5,000311,"23.98.121.179
",c812259a-6d6b-ef11-a670-00224858ae2c
3,000310,"23.98.121.179
",be12259a-6d6b-ef11-a670-00224858ae2c
7,000309,"20.198.130.152
",bd12259a-6d6b-ef11-a670-00224858ae2c
8,000308,"23.98.121.179
",bc12259a-6d6b-ef11-a670-00224858ae2c
9,000307,"23.98.121.179
",bb12259a-6d6b-ef11-a670-00224858ae2c
10,000306,"20.198.130.152
",ba12259a-6d6b-ef11-a670-00224858ae2c
4,000305,"23.98.121.179
",b912259a-6d6b-ef11-a670-00224858ae2c
2,000304,"23.98.121.179
",b812259a-6d6b-ef11-a670-00224858ae2c
1,000303,"23.98.121.179
",b712259a-6d6b-ef11-a670-00224858ae2c
6,000302,"23.98.121.179
",b412259a-6d6b-ef11-a670-00224858ae2c
5,000301,"23.98.121.179
",438b1a55-6d6b-ef11-a670-00224858ae2c
7,000300,"20.198.130.152
",428b1a55-6d6b-ef11-a670-00224858ae2c
8,000299,"23.98.121.179
",418b1a55-6d6b-ef11-a670-00224858ae2c
6,000298,"23.98.121.179
",408b1a55-6d6b-ef11-a670-00224858ae2c
3,000297,"23.98.121.179
",3f8b1a55-6d6b-ef11-a670-00224858ae2c
10,000296,"20.198.130.152
",3e8b1a55-6d6b-ef11-a670-00224858ae2c
4,000295,"23.98.121.179
",3d8b1a55-6d6b-ef11-a670-00224858ae2c
2,000294,"23.98.121.179
",3c8b1a55-6d6b-ef11-a670-00224858ae2c
1,000293,"23.98.121.179
",3b8b1a55-6d6b-ef11-a670-00224858ae2c
9,000292,"23.98.121.179
",3a8b1a55-6d6b-ef11-a670-00224858ae2c
4,000291,"23.98.121.179
",6db97f0d-6d6b-ef11-a670-00224858ae2c
2,000290,"23.98.121.179
",6cb97f0d-6d6b-ef11-a670-00224858ae2c
6,000288,"23.98.121.179
",6bb97f0d-6d6b-ef11-a670-00224858ae2c
5,000289,"23.98.121.179
",6ab97f0d-6d6b-ef11-a670-00224858ae2c
3,000287,"23.98.121.179
",69b97f0d-6d6b-ef11-a670-00224858ae2c
7,000285,"20.198.130.152
",67b97f0d-6d6b-ef11-a670-00224858ae2c
8,000286,"23.98.121.179
",68b97f0d-6d6b-ef11-a670-00224858ae2c
10,000284,"20.198.130.152
",66b97f0d-6d6b-ef11-a670-00224858ae2c
9,000283,"23.98.121.179
",65b97f0d-6d6b-ef11-a670-00224858ae2c
1,000282,"23.98.121.179
",64b97f0d-6d6b-ef11-a670-00224858ae2c
5,000280,"23.98.121.179
",e36aa5c4-6c6b-ef11-a670-00224858ae2c
10,000281,"20.198.130.152
",e46aa5c4-6c6b-ef11-a670-00224858ae2c
1,000279,"23.98.121.179
",e26aa5c4-6c6b-ef11-a670-00224858ae2c
9,000278,"23.98.121.179
",e16aa5c4-6c6b-ef11-a670-00224858ae2c
4,000277,"23.98.121.179
",e06aa5c4-6c6b-ef11-a670-00224858ae2c
6,000276,"23.98.121.179
",df6aa5c4-6c6b-ef11-a670-00224858ae2c
2,000275,"23.98.121.179
",de6aa5c4-6c6b-ef11-a670-00224858ae2c
7,000274,"20.198.130.152
",dd6aa5c4-6c6b-ef11-a670-00224858ae2c
3,000273,"23.98.121.179
",dc6aa5c4-6c6b-ef11-a670-00224858ae2c
8,000272,"23.98.121.179
",db6aa5c4-6c6b-ef11-a670-00224858ae2c
2,000271,"23.98.121.179
",c9325d7c-6c6b-ef11-a670-00224858ae2c
5,000270,"23.98.121.179
",c8325d7c-6c6b-ef11-a670-00224858ae2c
3,000269,"23.98.121.179
",c6325d7c-6c6b-ef11-a670-00224858ae2c
7,000268,"20.198.130.152
",c5325d7c-6c6b-ef11-a670-00224858ae2c
1,000267,"23.98.121.179
",c4325d7c-6c6b-ef11-a670-00224858ae2c
8,000266,"23.98.121.179
",c3325d7c-6c6b-ef11-a670-00224858ae2c
10,000265,"20.198.130.152
",c2325d7c-6c6b-ef11-a670-00224858ae2c
4,000264,"23.98.121.179
",c1325d7c-6c6b-ef11-a670-00224858ae2c
9,000263,"23.98.121.179
",c0325d7c-6c6b-ef11-a670-00224858ae2c
6,000262,"23.98.121.179
",be325d7c-6c6b-ef11-a670-00224858ae2c
3,000261,"23.98.121.179
",a6758f33-6c6b-ef11-a670-00224858ae2c
9,000260,"23.98.121.179
",a5758f33-6c6b-ef11-a670-00224858ae2c
2,000259,"23.98.121.179
",a4758f33-6c6b-ef11-a670-00224858ae2c
6,000258,"23.98.121.179
",a3758f33-6c6b-ef11-a670-00224858ae2c
7,000257,"20.198.130.152
",a2758f33-6c6b-ef11-a670-00224858ae2c
8,000256,"23.98.121.179
",a1758f33-6c6b-ef11-a670-00224858ae2c
10,000255,"20.198.130.152
",a0758f33-6c6b-ef11-a670-00224858ae2c
5,000254,"23.98.121.179
",9f758f33-6c6b-ef11-a670-00224858ae2c
1,000253,"23.98.121.179
",9e758f33-6c6b-ef11-a670-00224858ae2c
4,000252,"23.98.121.179
",99758f33-6c6b-ef11-a670-00224858ae2c
5,000251,"23.98.121.179
",0a4d51ed-6b6b-ef11-a670-00224858ae2c
1,000250,"23.98.121.179
",084d51ed-6b6b-ef11-a670-00224858ae2c
9,000249,"23.98.121.179
",064d51ed-6b6b-ef11-a670-00224858ae2c
3,000248,"23.98.121.179
",054d51ed-6b6b-ef11-a670-00224858ae2c
7,000246,"20.198.130.152
",034d51ed-6b6b-ef11-a670-00224858ae2c
2,000247,"23.98.121.179
",044d51ed-6b6b-ef11-a670-00224858ae2c
6,000245,"23.98.121.179
",024d51ed-6b6b-ef11-a670-00224858ae2c
8,000244,"23.98.121.179
",014d51ed-6b6b-ef11-a670-00224858ae2c
10,000243,"20.198.130.152
",004d51ed-6b6b-ef11-a670-00224858ae2c
4,000242,"23.98.121.179
",ff4c51ed-6b6b-ef11-a670-00224858ae2c
8,000241,"23.98.121.179
",b34288a4-6b6b-ef11-a670-00224858ae2c
10,000240,"20.198.130.152
",b24288a4-6b6b-ef11-a670-00224858ae2c
5,000239,"23.98.121.179
",b14288a4-6b6b-ef11-a670-00224858ae2c
4,000238,"23.98.121.179
",b04288a4-6b6b-ef11-a670-00224858ae2c
9,000237,"23.98.121.179
",ae4288a4-6b6b-ef11-a670-00224858ae2c
6,000236,"23.98.121.179
",ad4288a4-6b6b-ef11-a670-00224858ae2c
1,000235,"23.98.121.179
",ac4288a4-6b6b-ef11-a670-00224858ae2c
2,000234,"23.98.121.179
",ab4288a4-6b6b-ef11-a670-00224858ae2c
7,000233,"20.198.130.152
",aa4288a4-6b6b-ef11-a670-00224858ae2c
3,000232,"23.98.121.179
",a94288a4-6b6b-ef11-a670-00224858ae2c
5,000231,"23.98.121.179
",5ef5d660-6b6b-ef11-a670-00224858ae2c
3,000230,"23.98.121.179
",5df5d660-6b6b-ef11-a670-00224858ae2c
10,000228,"20.198.130.152
",d7b9d25a-6b6b-ef11-a670-00224858ae2c
2,000229,"23.98.121.179
",d8b9d25a-6b6b-ef11-a670-00224858ae2c
4,000227,"23.98.121.179
",d6b9d25a-6b6b-ef11-a670-00224858ae2c
8,000226,"23.98.121.179
",d5b9d25a-6b6b-ef11-a670-00224858ae2c
7,000225,"20.198.130.152
",d4b9d25a-6b6b-ef11-a670-00224858ae2c
9,000224,"23.98.121.179
",d3b9d25a-6b6b-ef11-a670-00224858ae2c
1,000223,"23.98.121.179
",d2b9d25a-6b6b-ef11-a670-00224858ae2c
6,000222,"23.98.121.179
",d1b9d25a-6b6b-ef11-a670-00224858ae2c
9,000221,"23.98.121.179
",84a53714-6b6b-ef11-a670-00224858ae2c
6,000220,"23.98.121.179
",82a53714-6b6b-ef11-a670-00224858ae2c
2,000219,"23.98.121.179
",81a53714-6b6b-ef11-a670-00224858ae2c
3,000218,"23.98.121.179
",80a53714-6b6b-ef11-a670-00224858ae2c
8,000217,"23.98.121.179
",7ba53714-6b6b-ef11-a670-00224858ae2c
5,000216,"23.98.121.179
",7aa53714-6b6b-ef11-a670-00224858ae2c
7,000215,"20.198.130.152
",78a53714-6b6b-ef11-a670-00224858ae2c
10,000214,"20.198.130.152
",76a53714-6b6b-ef11-a670-00224858ae2c
4,000213,"23.98.121.179
",75a53714-6b6b-ef11-a670-00224858ae2c
1,000212,"23.98.121.179
",74a53714-6b6b-ef11-a670-00224858ae2c
8,000211,"23.98.121.179
",36252dce-6a6b-ef11-a670-00224858ae2c
10,000210,"20.198.130.152
",34252dce-6a6b-ef11-a670-00224858ae2c
6,000209,"23.98.121.179
",33252dce-6a6b-ef11-a670-00224858ae2c
9,000208,"23.98.121.179
",32252dce-6a6b-ef11-a670-00224858ae2c
5,000207,"23.98.121.179
",31252dce-6a6b-ef11-a670-00224858ae2c
3,000206,"23.98.121.179
",30252dce-6a6b-ef11-a670-00224858ae2c
2,000205,"23.98.121.179
",2c252dce-6a6b-ef11-a670-00224858ae2c
1,000204,"23.98.121.179
",2b252dce-6a6b-ef11-a670-00224858ae2c
4,000203,"23.98.121.179
",2a252dce-6a6b-ef11-a670-00224858ae2c
7,000202,"20.198.130.152
",29252dce-6a6b-ef11-a670-00224858ae2c
1,000201,"23.98.121.179
",e2d54488-6a6b-ef11-a670-00224858ae2c
5,000200,"23.98.121.179
",e0d54488-6a6b-ef11-a670-00224858ae2c
7,000199,"20.198.130.152
",dfd54488-6a6b-ef11-a670-00224858ae2c
8,000198,"23.98.121.179
",ded54488-6a6b-ef11-a670-00224858ae2c
4,000197,"23.98.121.179
",ddd54488-6a6b-ef11-a670-00224858ae2c
9,000196,"23.98.121.179
",dcd54488-6a6b-ef11-a670-00224858ae2c
6,000195,"23.98.121.179
",dbd54488-6a6b-ef11-a670-00224858ae2c
3,000194,"23.98.121.179
",d9d54488-6a6b-ef11-a670-00224858ae2c
10,000193,"20.198.130.152
",d8d54488-6a6b-ef11-a670-00224858ae2c
2,000192,"23.98.121.179
",d7d54488-6a6b-ef11-a670-00224858ae2c
6,000191,"23.98.121.179
",0facf341-6a6b-ef11-a670-00224858ae2c
5,000190,"23.98.121.179
",0eacf341-6a6b-ef11-a670-00224858ae2c
2,000189,"23.98.121.179
",0dacf341-6a6b-ef11-a670-00224858ae2c
1,000188,"23.98.121.179
",0cacf341-6a6b-ef11-a670-00224858ae2c
4,000187,"23.98.121.179
",0bacf341-6a6b-ef11-a670-00224858ae2c
7,000186,"20.198.130.152
",0aacf341-6a6b-ef11-a670-00224858ae2c
9,000185,"23.98.121.179
",08acf341-6a6b-ef11-a670-00224858ae2c
8,000184,"23.98.121.179
",07acf341-6a6b-ef11-a670-00224858ae2c
3,000183,"23.98.121.179
",06acf341-6a6b-ef11-a670-00224858ae2c
10,000182,"20.198.130.152
",05acf341-6a6b-ef11-a670-00224858ae2c
9,000181,"23.98.121.179
",b7f5fbf7-696b-ef11-a670-00224858ae2c
10,000180,"20.198.130.152
",b6f5fbf7-696b-ef11-a670-00224858ae2c
2,000179,"23.98.121.179
",b5f5fbf7-696b-ef11-a670-00224858ae2c
6,000178,"23.98.121.179
",b4f5fbf7-696b-ef11-a670-00224858ae2c
5,000177,"23.98.121.179
",b2f5fbf7-696b-ef11-a670-00224858ae2c
4,000176,"23.98.121.179
",b1f5fbf7-696b-ef11-a670-00224858ae2c
1,000175,"23.98.121.179
",b0f5fbf7-696b-ef11-a670-00224858ae2c
7,000174,"20.198.130.152
",aff5fbf7-696b-ef11-a670-00224858ae2c
8,000173,"23.98.121.179
",adf5fbf7-696b-ef11-a670-00224858ae2c
3,000172,"23.98.121.179
",acf5fbf7-696b-ef11-a670-00224858ae2c
3,000171,"23.98.121.179
",1fa51eb3-696b-ef11-a670-00224858ae2c
5,000170,"23.98.121.179
",1ea51eb3-696b-ef11-a670-00224858ae2c
10,000169,"20.198.130.152
",1da51eb3-696b-ef11-a670-00224858ae2c
9,000168,"23.98.121.179
",1ca51eb3-696b-ef11-a670-00224858ae2c
6,000167,"23.98.121.179
",1ba51eb3-696b-ef11-a670-00224858ae2c
4,000166,"23.98.121.179
",1aa51eb3-696b-ef11-a670-00224858ae2c
2,000165,"23.98.121.179
",19a51eb3-696b-ef11-a670-00224858ae2c
1,000164,"23.98.121.179
",18a51eb3-696b-ef11-a670-00224858ae2c
8,000163,"23.98.121.179
",17a51eb3-696b-ef11-a670-00224858ae2c
7,000162,"20.198.130.152
",16a51eb3-696b-ef11-a670-00224858ae2c
3,000161,"23.98.121.179
",94f9cf69-696b-ef11-a670-00224858ae2c
9,000160,"23.98.121.179
",92f9cf69-696b-ef11-a670-00224858ae2c
2,000159,"23.98.121.179
",91f9cf69-696b-ef11-a670-00224858ae2c
7,000158,"20.198.130.152
",8ff9cf69-696b-ef11-a670-00224858ae2c
1,000157,"23.98.121.179
",8ef9cf69-696b-ef11-a670-00224858ae2c
10,000156,"20.198.130.152
",8cf9cf69-696b-ef11-a670-00224858ae2c
6,000155,"23.98.121.179
",8bf9cf69-696b-ef11-a670-00224858ae2c
5,000154,"23.98.121.179
",88f9cf69-696b-ef11-a670-00224858ae2c
4,000153,"23.98.121.179
",86f9cf69-696b-ef11-a670-00224858ae2c
8,000152,"23.98.121.179
",85f9cf69-696b-ef11-a670-00224858ae2c
4,000151,"23.98.121.179
",a24b4424-696b-ef11-a670-00224858ae2c
6,000149,"23.98.121.179
",a04b4424-696b-ef11-a670-00224858ae2c
1,000150,"23.98.121.179
",a14b4424-696b-ef11-a670-00224858ae2c
8,000148,"23.98.121.179
",9d4b4424-696b-ef11-a670-00224858ae2c
5,000147,"23.98.121.179
",9c4b4424-696b-ef11-a670-00224858ae2c
9,000146,"23.98.121.179
",9b4b4424-696b-ef11-a670-00224858ae2c
7,000145,"20.198.130.152
",9a4b4424-696b-ef11-a670-00224858ae2c
10,000144,"20.198.130.152
",994b4424-696b-ef11-a670-00224858ae2c
3,000143,"23.98.121.179
",984b4424-696b-ef11-a670-00224858ae2c
2,000142,"23.98.121.179
",a937471e-696b-ef11-a670-00224858ae2c
2,000141,"23.98.121.179
",00eecadc-686b-ef11-a670-00224858ae2c
1,000140,"23.98.121.179
",ffedcadc-686b-ef11-a670-00224858ae2c
8,000139,"23.98.121.179
",feedcadc-686b-ef11-a670-00224858ae2c
6,000138,"23.98.121.179
",fdedcadc-686b-ef11-a670-00224858ae2c
5,000137,"23.98.121.179
",fcedcadc-686b-ef11-a670-00224858ae2c
4,000136,"23.98.121.179
",fbedcadc-686b-ef11-a670-00224858ae2c
9,000135,"23.98.121.179
",c39ed2d6-686b-ef11-a670-00224858ae2c
3,000134,"23.98.121.179
",c19ed2d6-686b-ef11-a670-00224858ae2c
7,000133,"20.198.130.152
",c09ed2d6-686b-ef11-a670-00224858ae2c
10,000132,"20.198.130.152
",bf9ed2d6-686b-ef11-a670-00224858ae2c
7,000131,"20.198.130.152
",06acf994-686b-ef11-a670-00224858ae2c
9,000130,"23.98.121.179
",05acf994-686b-ef11-a670-00224858ae2c
3,000129,"23.98.121.179
",04acf994-686b-ef11-a670-00224858ae2c
10,000128,"20.198.130.152
",03acf994-686b-ef11-a670-00224858ae2c
2,000127,"23.98.121.179
",02acf994-686b-ef11-a670-00224858ae2c
6,000126,"23.98.121.179
",01acf994-686b-ef11-a670-00224858ae2c
8,000125,"23.98.121.179
",00acf994-686b-ef11-a670-00224858ae2c
1,000124,"23.98.121.179
",ffabf994-686b-ef11-a670-00224858ae2c
4,000123,"23.98.121.179
",feabf994-686b-ef11-a670-00224858ae2c
5,000122,"23.98.121.179
",fdabf994-686b-ef11-a670-00224858ae2c
4,000121,"23.98.121.179
",5634224c-686b-ef11-a670-00224858ae2c
9,000120,"23.98.121.179
",5534224c-686b-ef11-a670-00224858ae2c
5,000119,"23.98.121.179
",5434224c-686b-ef11-a670-00224858ae2c
3,000118,"23.98.121.179
",5234224c-686b-ef11-a670-00224858ae2c
10,000117,"20.198.130.152
",5134224c-686b-ef11-a670-00224858ae2c
2,000116,"23.98.121.179
",5034224c-686b-ef11-a670-00224858ae2c
7,000115,"20.198.130.152
",4f34224c-686b-ef11-a670-00224858ae2c
8,000114,"23.98.121.179
",4e34224c-686b-ef11-a670-00224858ae2c
6,000113,"23.98.121.179
",4d34224c-686b-ef11-a670-00224858ae2c
1,000112,"23.98.121.179
",4c34224c-686b-ef11-a670-00224858ae2c
2,000111,"23.98.121.179
",4f77c101-686b-ef11-a670-00224858ae2c
5,000110,"23.98.121.179
",4e77c101-686b-ef11-a670-00224858ae2c
4,000109,"23.98.121.179
",4d77c101-686b-ef11-a670-00224858ae2c
1,000108,"23.98.121.179
",4c77c101-686b-ef11-a670-00224858ae2c
7,000107,"20.198.130.152
",4b77c101-686b-ef11-a670-00224858ae2c
10,000106,"20.198.130.152
",4a77c101-686b-ef11-a670-00224858ae2c
6,000105,"23.98.121.179
",4977c101-686b-ef11-a670-00224858ae2c
9,000104,"23.98.121.179
",4877c101-686b-ef11-a670-00224858ae2c
3,000103,"23.98.121.179
",4777c101-686b-ef11-a670-00224858ae2c
8,000102,"23.98.121.179
",4477c101-686b-ef11-a670-00224858ae2c
7,000101,"20.198.130.152
",fd1a74be-676b-ef11-a670-00224858ae2c
1,000100,"23.98.121.179
",fc1a74be-676b-ef11-a670-00224858ae2c
3,000099,"23.98.121.179
",fb1a74be-676b-ef11-a670-00224858ae2c
8,000098,"23.98.121.179
",fa1a74be-676b-ef11-a670-00224858ae2c
2,000097,"23.98.121.179
",f91a74be-676b-ef11-a670-00224858ae2c
5,000096,"23.98.121.179
",f81a74be-676b-ef11-a670-00224858ae2c
4,000095,"23.98.121.179
",f71a74be-676b-ef11-a670-00224858ae2c
6,000094,"23.98.121.179
",f51a74be-676b-ef11-a670-00224858ae2c
9,000093,"23.98.121.179
",f61a74be-676b-ef11-a670-00224858ae2c
10,000092,"20.198.130.152
",afcb7bb8-676b-ef11-a670-00224858ae2c
3,000091,"23.98.121.179
",e2701c75-676b-ef11-a670-00224858ae2c
10,000090,"20.198.130.152
",e1701c75-676b-ef11-a670-00224858ae2c
5,000089,"23.98.121.179
",d6701c75-676b-ef11-a670-00224858ae2c
7,000088,"20.198.130.152
",d5701c75-676b-ef11-a670-00224858ae2c
1,000087,"23.98.121.179
",d4701c75-676b-ef11-a670-00224858ae2c
8,000086,"23.98.121.179
",d3701c75-676b-ef11-a670-00224858ae2c
9,000085,"23.98.121.179
",d2701c75-676b-ef11-a670-00224858ae2c
2,000084,"23.98.121.179
",d1701c75-676b-ef11-a670-00224858ae2c
4,000083,"23.98.121.179
",d0701c75-676b-ef11-a670-00224858ae2c
6,000082,"23.98.121.179
",cf701c75-676b-ef11-a670-00224858ae2c
5,000081,"23.98.121.179
",2a61f935-676b-ef11-a670-00224858ae2c
6,000080,"23.98.121.179
",91cb352d-676b-ef11-a670-00224858ae2c
10,000079,"20.198.130.152
",90cb352d-676b-ef11-a670-00224858ae2c
3,000078,"23.98.121.179
",8fcb352d-676b-ef11-a670-00224858ae2c
1,000077,"23.98.121.179
",8ecb352d-676b-ef11-a670-00224858ae2c
8,000076,"23.98.121.179
",8dcb352d-676b-ef11-a670-00224858ae2c
7,000075,"20.198.130.152
",8ccb352d-676b-ef11-a670-00224858ae2c
2,000074,"23.98.121.179
",8bcb352d-676b-ef11-a670-00224858ae2c
4,000073,"23.98.121.179
",8acb352d-676b-ef11-a670-00224858ae2c
9,000072,"23.98.121.179
",89cb352d-676b-ef11-a670-00224858ae2c
8,000071,"23.98.121.179
",79df1fea-666b-ef11-a670-00224858ae2c
2,000070,"23.98.121.179
",25e49ae3-666b-ef11-a670-00224858ae2c
1,000069,"23.98.121.179
",24e49ae3-666b-ef11-a670-00224858ae2c
4,000067,"23.98.121.179
",22e49ae3-666b-ef11-a670-00224858ae2c
9,000068,"23.98.121.179
",23e49ae3-666b-ef11-a670-00224858ae2c
5,000066,"23.98.121.179
",21e49ae3-666b-ef11-a670-00224858ae2c
6,000065,"23.98.121.179
",20e49ae3-666b-ef11-a670-00224858ae2c
10,000064,"20.198.130.152
",1fe49ae3-666b-ef11-a670-00224858ae2c
7,000063,"20.198.130.152
",1ee49ae3-666b-ef11-a670-00224858ae2c
3,000062,"23.98.121.179
",1de49ae3-666b-ef11-a670-00224858ae2c
5,000061,"23.98.121.179
",0600cf9d-666b-ef11-a670-00224858ae2c
3,000060,"23.98.121.179
",0500cf9d-666b-ef11-a670-00224858ae2c
1,000059,"23.98.121.179
",0400cf9d-666b-ef11-a670-00224858ae2c
4,000058,"23.98.121.179
",0300cf9d-666b-ef11-a670-00224858ae2c
7,000057,"20.198.130.152
",0200cf9d-666b-ef11-a670-00224858ae2c
10,000056,"20.198.130.152
",0100cf9d-666b-ef11-a670-00224858ae2c
2,000055,"23.98.121.179
",0000cf9d-666b-ef11-a670-00224858ae2c
8,000054,"23.98.121.179
",ffffce9d-666b-ef11-a670-00224858ae2c
9,000053,"23.98.121.179
",fcffce9d-666b-ef11-a670-00224858ae2c
6,000052,"23.98.121.179
",fbffce9d-666b-ef11-a670-00224858ae2c
6,000051,"23.98.121.179
",200b1458-666b-ef11-a670-00224858ae2c
9,000050,"23.98.121.179
",1f0b1458-666b-ef11-a670-00224858ae2c
10,000049,"20.198.130.152
",1e0b1458-666b-ef11-a670-00224858ae2c
7,000048,"20.198.130.152
",1d0b1458-666b-ef11-a670-00224858ae2c
3,000047,"23.98.121.179
",1c0b1458-666b-ef11-a670-00224858ae2c
2,000046,"23.98.121.179
",1b0b1458-666b-ef11-a670-00224858ae2c
5,000045,"23.98.121.179
",1a0b1458-666b-ef11-a670-00224858ae2c
8,000043,"23.98.121.179
",180b1458-666b-ef11-a670-00224858ae2c
4,000044,"23.98.121.179
",190b1458-666b-ef11-a670-00224858ae2c
1,000042,"23.98.121.179
",170b1458-666b-ef11-a670-00224858ae2c
5,000041,"23.98.121.179
",a2086d11-666b-ef11-a670-00224858ae2c
1,000040,"23.98.121.179
",a1086d11-666b-ef11-a670-00224858ae2c
6,000039,"23.98.121.179
",a0086d11-666b-ef11-a670-00224858ae2c
9,000038,"23.98.121.179
",9f086d11-666b-ef11-a670-00224858ae2c
8,000037,"23.98.121.179
",9e086d11-666b-ef11-a670-00224858ae2c
7,000036,"20.198.130.152
",9d086d11-666b-ef11-a670-00224858ae2c
3,000035,"23.98.121.179
",9c086d11-666b-ef11-a670-00224858ae2c
10,000034,"20.198.130.152
",9b086d11-666b-ef11-a670-00224858ae2c
2,000033,"23.98.121.179
",86b8740b-666b-ef11-a670-00224858ae2c
4,000032,"23.98.121.179
",85b8740b-666b-ef11-a670-00224858ae2c
5,000031,"23.98.121.179
",b502fcc4-656b-ef11-a670-00224858ae2c
1,000030,"23.98.121.179
",b402fcc4-656b-ef11-a670-00224858ae2c
9,000029,"23.98.121.179
",b302fcc4-656b-ef11-a670-00224858ae2c
3,000028,"23.98.121.179
",b202fcc4-656b-ef11-a670-00224858ae2c
10,000027,"20.198.130.152
",b102fcc4-656b-ef11-a670-00224858ae2c
2,000026,"23.98.121.179
",b002fcc4-656b-ef11-a670-00224858ae2c
6,000025,"23.98.121.179
",af02fcc4-656b-ef11-a670-00224858ae2c
4,000023,"23.98.121.179
",ad02fcc4-656b-ef11-a670-00224858ae2c
8,000024,"23.98.121.179
",ae02fcc4-656b-ef11-a670-00224858ae2c
7,000022,"20.198.130.152
",ac02fcc4-656b-ef11-a670-00224858ae2c
2,000021,"23.98.121.179
",11c22f7d-656b-ef11-a670-00224858ae2c
7,000020,"20.198.130.152
",10c22f7d-656b-ef11-a670-00224858ae2c
6,000019,"23.98.121.179
",0fc22f7d-656b-ef11-a670-00224858ae2c
9,000018,"23.98.121.179
",0dc22f7d-656b-ef11-a670-00224858ae2c
5,000016,"23.98.121.179
",0bc22f7d-656b-ef11-a670-00224858ae2c
1,000017,"23.98.121.179
",0cc22f7d-656b-ef11-a670-00224858ae2c
3,000015,"23.98.121.179
",09c22f7d-656b-ef11-a670-00224858ae2c
8,000014,"23.98.121.179
",08c22f7d-656b-ef11-a670-00224858ae2c
4,000013,"23.98.121.179
",04c22f7d-656b-ef11-a670-00224858ae2c
10,000012,"20.198.130.152
",05c22f7d-656b-ef11-a670-00224858ae2c
7,000011,"20.198.130.152
",a00d793d-656b-ef11-a670-00224858ae2c
1,000010,"23.98.121.179
",9f0d793d-656b-ef11-a670-00224858ae2c
6,000009,"23.98.121.179
",9e0d793d-656b-ef11-a670-00224858ae2c
5,000008,"23.98.121.179
",9d0d793d-656b-ef11-a670-00224858ae2c
4,000007,"23.98.121.179
",9c0d793d-656b-ef11-a670-00224858ae2c
6,000006,"23.98.121.179
",9a0d793d-656b-ef11-a670-00224858ae2c
10,000005,"20.198.130.152
",9b0d793d-656b-ef11-a670-00224858ae2c
9,000004,"23.98.121.179
",990d793d-656b-ef11-a670-00224858ae2c
2,000002,"23.98.121.179
",970d793d-656b-ef11-a670-00224858ae2c
8,000003,"23.98.121.179
",980d793d-656b-ef11-a670-00224858ae2c
3,000001,"23.98.121.179
",960d793d-656b-ef11-a670-00224858ae2c
8,000000,"23.98.121.179
",950d793d-656b-ef11-a670-00224858ae2c
